First Name,"Last Name","Email Address","Username","Website",Subscriptions,Role
Erik,"Hunnisett","erik_hunnisett@example.com","Erik_Hunnisett","https://www.Erik_Hunnisett.local","email, phone",administrator
Zola,"Jenkins","Zola_Jenkins@example.com","Zola_Jenkins","https://www.Zola_Jenkins.local",email,administrator
Linford,"Stern","Linford_Stern@example.com","Linford_Stern","https://www.Linford_Stern.local",phone,administrator
Kathy,"Benton","Kathy_Benton@example.com","Kathy_Benton","https://www.Kathy_Benton.local","email, phone",administrator
Kaley,"Gentry","Kaley_Gentry@example.com","Kaley_Gentry","https://www.Kaley_Gentry.local",email,administrator
Marshall,"Ramirez","Marshall_Ramirez@example.com","Marshall_Ramirez","https://www.Marshall_Ramirez.local",phone,editor
Marcos,"Schroeder","Marcos_Schroeder@example.com","Marcos_Schroeder","https://www.Marcos_Schroeder.local",email,editor
Reyna,"Clarke","Reyna_Clarke@example.com","Reyna_Clarke","https://www.Reyna_Clarke.local",phone,editor
Madisyn,"Duffy","Madisyn_Duffy@example.com","Madisyn_Duffy","https://www.Madisyn_Duffy.local","email, phone",editor
Jessica,"Vazquez","Jessica_Vazquez@example.com","Jessica_Vazquez","https://www.Jessica_Vazquez.local",email,editor
Johnny,"Sherman","Johnny_Sherman@example.com","Johnny_Sherman","https://www.Johnny_Sherman.local",phone,editor
Ashlee,"Jefferson","Ashlee_Jefferson@example.com","Ashlee_Jefferson","https://www.Ashlee_Jefferson.local",email,author
Kinley,"Clayton","Kinley_Clayton@example.com","Kinley_Clayton","https://www.Kinley_Clayton.local",phone,author
Thaddeus,"Garrett","Thaddeus_Garrett@example.com","Thaddeus_Garrett","https://www.Thaddeus_Garrett.local","email, phone",author
Kiley,"Brady","Kiley_Brady@example.com","Kiley_Brady","https://www.Kiley_Brady.local",email,author
Ronald,"Mcdonald","Ronald_Mcdonald@example.com","Ronald_Mcdonald","https://www.Ronald_Mcdonald.local",phone,author
Samuel,"Dunlap","Samuel_Dunlap@example.com","Samuel_Dunlap","https://www.Samuel_Dunlap.local",email,author
Jaelyn,"Mayer","Jaelyn_Mayer@example.com","Jaelyn_Mayer","https://www.Jaelyn_Mayer.local",phone,author
Marley,"Higgins","Marley_Higgins@example.com","Marley_Higgins","https://www.Marley_Higgins.local","email, phone",author
Nikolai,"Bauer","Nikolai_Bauer@example.com","Nikolai_Bauer","https://www.Nikolai_Bauer.local",email,author
Mikayla,"Glass","Mikayla_Glass@example.com","Mikayla_Glass","https://www.Mikayla_Glass.local",phone,author
Lukas,"Neal","Lukas_Neal@example.com","Lukas_Neal","https://www.Lukas_Neal.local","email, phone",author
Demarion,"Mcmillan","Demarion_Mcmillan@example.com","Demarion_Mcmillan","https://www.Demarion_Mcmillan.local",email,author
Ariana,"Simmons","Ariana_Simmons@example.com","Ariana_Simmons","https://www.Ariana_Simmons.local",phone,author
Ruben,"Mcmahon","Ruben_Mcmahon@example.com","Ruben_Mcmahon","https://www.Ruben_Mcmahon.local","email, phone",author
Lorelei,"Reese","Lorelei_Reese@example.com","Lorelei_Reese","https://www.Lorelei_Reese.local",email,author
Madilyn,"Terry","Madilyn_Terry@example.com","Madilyn_Terry","https://www.Madilyn_Terry.local",phone,author
Ryker,"Hickman","Ryker_Hickman@example.com","Ryker_Hickman","https://www.Ryker_Hickman.local",email,author
Maia,"Ochoa","Maia_Ochoa@example.com","Maia_Ochoa","https://www.Maia_Ochoa.local",phone,author
Jaylynn,"Powers","Jaylynn_Powers@example.com","Jaylynn_Powers","https://www.Jaylynn_Powers.local","email, phone",author
Angel,"Riley","Angel_Riley@example.com","Angel_Riley","https://www.Angel_Riley.local",email,author
Kate,"Todd","Kate_Todd@example.com","Kate_Todd","https://www.Kate_Todd.local",phone,author
Markus,"Nolan","Markus_Nolan@example.com","Markus_Nolan","https://www.Markus_Nolan.local",email,author
Abagail,"Blair","Abagail_Blair@example.com","Abagail_Blair","https://www.Abagail_Blair.local",phone,author
Daniela,"Contreras","Daniela_Contreras@example.com","Daniela_Contreras","https://www.Daniela_Contreras.local","email, phone",author
Giselle,"Benjamin","Giselle_Benjamin@example.com","Giselle_Benjamin","https://www.Giselle_Benjamin.local",email,author
Lawson,"Vance","Lawson_Vance@example.com","Lawson_Vance","https://www.Lawson_Vance.local",phone,author
Moises,"Goodman","Moises_Goodman@example.com","Moises_Goodman","https://www.Moises_Goodman.local",email,author
Mira,"Archer","Mira_Archer@example.com","Mira_Archer","https://www.Mira_Archer.local",phone,author
Rosa,"Chambers","Rosa_Chambers@example.com","Rosa_Chambers","https://www.Rosa_Chambers.local","email, phone",author
Luca,"Ray","Luca_Ray@example.com","Luca_Ray","https://www.Luca_Ray.local",email,author
Camilla,"Flynn","Camilla_Flynn@example.com","Camilla_Flynn","https://www.Camilla_Flynn.local",phone,author
Cory,"May","Cory_May@example.com","Cory_May","https://www.Cory_May.local","email, phone",author
Reagan,"Clark","Reagan_Clark@example.com","Reagan_Clark","https://www.Reagan_Clark.local",email,author
Jovani,"Vargas","Jovani_Vargas@example.com","Jovani_Vargas","https://www.Jovani_Vargas.local",phone,author
Jayla,"Bean","Jayla_Bean@example.com","Jayla_Bean","https://www.Jayla_Bean.local","email, phone",author
Nadia,"Tran","Nadia_Tran@example.com","Nadia_Tran","https://www.Nadia_Tran.local",email,author
Jewel,"Bullock","Jewel_Bullock@example.com","Jewel_Bullock","https://www.Jewel_Bullock.local",phone,author
Adeline,"Becker","Adeline_Becker@example.com","Adeline_Becker","https://www.Adeline_Becker.local",email,contributor
Clarissa,"Zhang","Clarissa_Zhang@example.com","Clarissa_Zhang","https://www.Clarissa_Zhang.local",phone,contributor
Raina,"Esparza","Raina_Esparza@example.com","Raina_Esparza","https://www.Raina_Esparza.local","email, phone",contributor
Isla,"Pugh","Isla_Pugh@example.com","Isla_Pugh","https://www.Isla_Pugh.local",email,contributor
Jaelynn,"Burke","Jaelynn_Burke@example.com","Jaelynn_Burke","https://www.Jaelynn_Burke.local",phone,contributor
Beckett,"Lozano","Beckett_Lozano@example.com","Beckett_Lozano","https://www.Beckett_Lozano.local",email,contributor
Kenneth,"Watson","Kenneth_Watson@example.com","Kenneth_Watson","https://www.Kenneth_Watson.local",phone,contributor
Ray,"Sims","Ray_Sims@example.com","Ray_Sims","https://www.Ray_Sims.local","email, phone",contributor
Savion,"Wang","Savion_Wang@example.com","Savion_Wang","https://www.Savion_Wang.local",email,contributor
Scarlet,"Morse","Scarlet_Morse@example.com","Scarlet_Morse","https://www.Scarlet_Morse.local",phone,contributor
Hayden,"Cochran","Hayden_Cochran@example.com","Hayden_Cochran","https://www.Hayden_Cochran.local",email,contributor
Trinity,"Dudley","Trinity_Dudley@example.com","Trinity_Dudley","https://www.Trinity_Dudley.local",phone,contributor
Maxwell,"Summers","Maxwell_Summers@example.com","Maxwell_Summers","https://www.Maxwell_Summers.local","email, phone",contributor
Damarion,"Mills","Damarion_Mills@example.com","Damarion_Mills","https://www.Damarion_Mills.local",email,contributor
Zackery,"Larsen","Zackery_Larsen@example.com","Zackery_Larsen","https://www.Zackery_Larsen.local",phone,contributor
Cohen,"Chambers","Cohen_Chambers@example.com","Cohen_Chambers","https://www.Cohen_Chambers.local","email, phone",contributor
Zion,"Bowen","Zion_Bowen@example.com","Zion_Bowen","https://www.Zion_Bowen.local",email,contributor
Yusuf,"Hutchinson","Yusuf_Hutchinson@example.com","Yusuf_Hutchinson","https://www.Yusuf_Hutchinson.local",phone,contributor
Jadon,"Irwin","Jadon_Irwin@example.com","Jadon_Irwin","https://www.Jadon_Irwin.local","email, phone",contributor
Messiah,"Keith","Messiah_Keith@example.com","Messiah_Keith","https://www.Messiah_Keith.local",email,contributor
Javion,"Tyler","Javion_Tyler@example.com","Javion_Tyler","https://www.Javion_Tyler.local",phone,contributor
London,"Colon","London_Colon@example.com","London_Colon","https://www.London_Colon.local",email,contributor
Ulises,"Bush","Ulises_Bush@example.com","Ulises_Bush","https://www.Ulises_Bush.local",phone,contributor
Mikayla,"Flynn","Mikayla_Flynn@example.com","Mikayla_Flynn","https://www.Mikayla_Flynn.local","email, phone",contributor
Ricky,"Booth","Ricky_Booth@example.com","Ricky_Booth","https://www.Ricky_Booth.local",email,contributor
Jefferson,"Malone","Jefferson_Malone@example.com","Jefferson_Malone","https://www.Jefferson_Malone.local",phone,contributor
Caroline,"Butler","Caroline_Butler@example.com","Caroline_Butler","https://www.Caroline_Butler.local",email,contributor
Jamari,"Duran","Jamari_Duran@example.com","Jamari_Duran","https://www.Jamari_Duran.local",phone,contributor
Paul,"Strong","Paul_Strong@example.com","Paul_Strong","https://www.Paul_Strong.local","email, phone",contributor
Aaden,"Clark","Aaden_Clark@example.com","Aaden_Clark","https://www.Aaden_Clark.local",email,contributor
Tristin,"Watts","Tristin_Watts@example.com","Tristin_Watts","https://www.Tristin_Watts.local",phone,contributor
Dominic,"Mullins","Dominic_Mullins@example.com","Dominic_Mullins","https://www.Dominic_Mullins.local",email,subscriber
Grant,"Andrews","Grant_Andrews@example.com","Grant_Andrews","https://www.Grant_Andrews.local",phone,subscriber
Jared,"Key","Jared_Key@example.com","Jared_Key","https://www.Jared_Key.local","email, phone",subscriber
Mayra,"Pollard","Mayra_Pollard@example.com","Mayra_Pollard","https://www.Mayra_Pollard.local",email,subscriber
Clare,"Dickerson","Clare_Dickerson@example.com","Clare_Dickerson","https://www.Clare_Dickerson.local",phone,subscriber
Shiloh,"Bishop","Shiloh_Bishop@example.com","Shiloh_Bishop","https://www.Shiloh_Bishop.local","email, phone",subscriber
Alia,"Singh","Alia_Singh@example.com","Alia_Singh","https://www.Alia_Singh.local",email,subscriber
Emilee,"Stark","Emilee_Stark@example.com","Emilee_Stark","https://www.Emilee_Stark.local",phone,subscriber
Seth,"Caldwell","Seth_Caldwell@example.com","Seth_Caldwell","https://www.Seth_Caldwell.local","email, phone",subscriber
Mathew,"Warren","Mathew_Warren@example.com","Mathew_Warren","https://www.Mathew_Warren.local",email,subscriber
Allyson,"Hudson","Allyson_Hudson@example.com","Allyson_Hudson","https://www.Allyson_Hudson.local",phone,subscriber
Luna,"Townsend","Luna_Townsend@example.com","Luna_Townsend","https://www.Luna_Townsend.local",email,subscriber
Ada,"Gentry","Ada_Gentry@example.com","Ada_Gentry","https://www.Ada_Gentry.local",phone,subscriber
Alan,"Bridges","Alan_Bridges@example.com","Alan_Bridges","https://www.Alan_Bridges.local","email, phone",subscriber
Aylin,"Vega","Aylin_Vega@example.com","Aylin_Vega","https://www.Aylin_Vega.local",email,subscriber
Martin,"Cervantes","Martin_Cervantes@example.com","Martin_Cervantes","https://www.Martin_Cervantes.local",phone,subscriber
Nikhil,"Arellano","Nikhil_Arellano@example.com","Nikhil_Arellano","https://www.Nikhil_Arellano.local",email,subscriber
Madalyn,"Leonard","Madalyn_Leonard@example.com","Madalyn_Leonard","https://www.Madalyn_Leonard.local",phone,subscriber
Cynthia,"Bradshaw","Cynthia_Bradshaw@example.com","Cynthia_Bradshaw","https://www.Cynthia_Bradshaw.local","email, phone",subscriber
Keagan,"Norman","Keagan_Norman@example.com","Keagan_Norman","https://www.Keagan_Norman.local",email,subscriber
Micah,"Osborne","Micah_Osborne@example.com","Micah_Osborne","https://www.Micah_Osborne.local",phone,subscriber